company_name,linkedin_url,website,industry,description,company_size,location,email,phone,fit_score,fit_reason
Cercor,https://www.linkedin.com/company/mlbhopal,https://cercor.com,AI Innovation,Cercor incubates innovative AI projects to drive industry-leading change.,,,,,40,"Possible fit due to the company's involvement in AI innovation, but lacks specific information about their current pain points or operations."
Ebm Software,,https://ebmsoftware.com,Enterprise AI,"Discover enterprise AI built for reporting, analysis, and operational intelligence.",,,,,40,"Possible fit due to the mention of enterprise AI, but lacks specific information about their services and target customers."
Machine Learning Bhopal,https://www.linkedin.com/company/mlbhopal,,Machine Learning,"Foster collaboration, knowledge sharing, and innovation in the field of machine learning, data science, and artificial intelligence.",,,,,40,"Possible fit due to the company's industry alignment with AI services, but lacks specific information about their business operations or pain points."
Virtuon AI,https://www.linkedin.com/company/virtuon-ai,,AI IT Services,"Builds smart, scalable AI solutions that help businesses automate processes, analyze data, and improve decision-making.",,,,,90,"Virtuon AI's description aligns closely with our AI services, indicating clear AI automation use cases for mid-size to enterprise customers."
Seagull AI,https://www.linkedin.com/company/officialseagullai,,AI Chatbots,"Helps Indian businesses dominate ChatGPT, Gemini & Perplexity with AEO, Knowledge Graphs, Schema Markup, AI A",,,,,60,"Seagull AI appears to be a good fit due to its focus on AI chatbots, which aligns with our chatbot services, but lacks information on company size and industry specifics."
Armour.ai,https://www.linkedin.com/company/armour-ai,,Business Consulting,Provides Artificial Intelligence & Data Science driven business solutions & services.,,,,,40,"Possible fit due to mention of Artificial Intelligence & Data Science services, but lacks specific details on automation use cases."
Trisha Global Tech Pvt. Ltd.,https://www.linkedin.com/company/trishaglobaltech,,IT Services,Transforming Ideas into Digital Solutions | Web Development | Mobile Apps | AI Solutions | Digital Marketing,,,,,60,"Likely pain points in manual repetitive processes and large data volumes, but more information is needed to confirm."
Krypton Ai Technologies Private Limited,https://www.linkedin.com/company/krypton-ai-technologies-private-limited,,Software Development,"A tech startup catering government departments, PSUs and industries, with AI , IoT, automation, and SaaS solutions.",,,,,40,"Possible fit due to the mention of AI and automation, but lacks specific information about their services and target customers."
InfusAi,https://www.linkedin.com/company/infusai,,Digital Consulting,"Design, build, implement and support AI driven intelligent Software applications, Enterprise level CRM & ERP solutions.",,,,,60,"Possible fit due to their expertise in AI driven software applications, but lacks specific information on their customer base and services."
OneXus Global,https://www.linkedin.com/company/onexus-global,,AI Engineering,Helping enterprises harness artificial intelligence as a core competitive advantage.,,,,,80,OneXus Global's focus on AI Engineering and helping enterprises harness AI as a competitive advantage suggests clear AI automation use cases.
AskGalore,https://www.linkedin.com/company/askgalore,,Artificial Intelligence,"Artificial Intelligence & Blockchain Development company committed to provide high-end, quality products & services with a key focus on Machine Learning, Data Science, Blockchain development.",,,,,80,"AskGalore's focus on AI, Machine Learning, and Data Science makes them a perfect fit for our AI services."
Krista,www.linkedin.com/company/krista-ai,Krista is an AI-led agentic platform.,IT Process Automation Software,"Krista enables companies to automate complete business processes by elegantly orchestrating people, systems, and AI",,,,,85,"Krista's AI-led agentic platform and focus on IT process automation suggest a strong potential for custom agent development, workflow automation, and AI model integration."
Turing,www.linkedin.com/company/turingcom,Turing is one of the world's fastest-growing AI companies accelerating the advancement and deployment of powerful AI systems.,AI,Turing helps customers in two ways: Working with the world's ...,,,,,80,Turing's focus on AI and accelerating its deployment makes it a perfect fit for our AI services.
Intuitive.ai,in.linkedin.com/company/intuitiveaiglobal,Intuitive.ai is an AI-first innovation and engineering company helping enterprises transform with confidence.,Engineering Breakthroughs,Intuitive.ai is an AI-first innovation and engineering company helping enterprises transform with confidence.,,,,,40,"Possible fit due to the company's AI-first focus, but lacks specific information about their services and target customers."
Digital.ai,www.linkedin.com/company/digitaldotai,Digital.ai enables the world's most complex organizations to deliver trusted software at AI speed.,Software Delivery,By applying agentic AI across the critical stages of software delivery — from planning ...,,,,,40,Possible fit due to the mention of 'agentic AI' but lacks specific information about their current pain points or services.
AI Overlords,www.linkedin.com/company/ai-0verlords/,AI Overlords is a forward-thinking technology partner helping ambitious companies bring world-class AI products to life.,Technology Partner,"We don't just talk about innovation—we deliver it, by working hand-in ...",,,,,40,"Possible fit due to the company's focus on AI products, but lacks specific information about their target customers or current pain points."
AI Software LLC,www.linkedin.com/company/ai-software-llc,"AI Software LLC Software Development Troy, Michigan 1,216 followers",IT Professional Services and Custom Software Development,"AI Software is an IT Professional Services and Custom Software Development company in Metro Detroit, Michigan, USA.","1,216",,,,40,"Possible fit due to custom software development capabilities, but lacks clear indication of AI automation expertise or large-scale customer base."
SculptSoft,www.linkedin.com/company/sculptsoft/,"SculptSoft is an AI-Software Development Company that transforms bold ideas into intelligent, scalable, and future-ready digital solutions.",AI-Software Development Company,With deep expertise in Artificial Intelligence ...,,,,,90,SculptSoft is a perfect fit for AI services due to its direct involvement in AI software development and expertise in transforming bold ideas into intelligent digital solutions.
Aurea,www.linkedin.com/company/aurea-software,"Aurea is an AI consulting and automation firm, helping companies navigate the evolving AI landscape while streamlining workflows, enhancing customer engagement, and unlocking new revenue ...",AI Consulting and Automation Firm,"Aurea is an AI consulting and automation firm, helping companies navigate the evolving AI landscape while streamlining workflows, enhancing customer engagement, and unlocking new revenue ...",,,,,90,"Aurea's focus on AI consulting and automation aligns closely with our AI services, particularly custom agent development, workflow automation, and chatbots."
Hyland,www.linkedin.com/company/hyland-ai,"Hyland uniquely empowers your organization with unified access to AI-enabled enterprise content and unstructured data across repositories, unlocking ...",AI-enabled Enterprise Content and Unstructured Data,"Hyland uniquely empowers your organization with unified access to AI-enabled enterprise content and unstructured data across repositories, unlocking ...","138,760",,,,40,"Possible fit due to AI-enabled enterprise content and unstructured data, but unclear direct relevance to custom agent development, workflow automation, chatbots, ML models, and data pipelines."
RPA Technologies Pvt. Ltd.,in.linkedin.com/company/rpatechnologiespvt.ltd,,global IT solutions company,"14+ Years of Ideation. Innovation. Transformation. Established in 2012, RPA Technologies Pvt. Ltd. is a global IT solutions company with over 14 years of proven expertise in delivering transformative digital services across industries. With footprints in India, UAE, Canada, Germany, and Spain, we empower businesses worldwide through cutting‑edge technology and ...",14+ years,,,,40,"Possible fit due to the company's size and industry, but more information is needed to confirm AI automation use cases."
HL Tech India Private Limited,in.linkedin.com/company/hltechindia,,global technology services and solutions company,"HL Tech is a global technology services and solutions company enabling enterprises to design, build, and scale secure, intelligent, and future-ready digital systems. We specialize in enterprise software engineering, AI and data-driven solutions, cloud platforms, and digital transformation, helping organizations improve operational efficiency, decision-making, and business outcomes. Our AI ...",,,,,90,HL Tech India Private Limited appears to be a perfect fit for AI services due to their specialization in AI and data-driven solutions.
Triosoft ,in.linkedin.com/company/triosofttechnologies,,IT services,"TrioSoft Technology, we take pride in representing our strong company culture. We are located in Bhopal, Madhya Pradesh the heart of India. We have a skilled pool of technical professionals that have expertise in the latest mobile and web technologies, offering versatile information technology solutions to our global business clients. Our innovative ways for IT services have made us the ...",,,,,40,"Possible fit due to IT services industry, but lacks specific information about company size and potential AI automation use cases."
ebmsoftware.com,,ebmsoftware.com,,"Discover enterprise AI built for reporting, analysis, and operational intelligence. Turn enterprise information into decision-grade intelligence.",,,,,40,"Possible fit due to mention of enterprise AI, but lack of specific information about their current processes or pain points."
ebmsoftware,https://www.linkedin.com/company/krista-ai,ebmsoftware.com,IT Process Automation Software,"Krista is an AI-led agentic platform. Krista enables companies to automate complete business processes by elegantly orchestrating people, systems, and AI",,,,,90,ebmsoftware appears to be a perfect fit for AI services due to its focus on AI-led process automation and orchestration.
ResoluteAI Software,https://www.linkedin.com/company/resolute-ai,,"Artificial Intelligence driven products, solutions, and services company","Resolute AI Software Pvt Ltd is an Artificial Intelligence driven products, solutions, and services company. | The disruption that businesses are yet to witness with the adoption of latest technologies such as AI &amp; ML, at Resolute AI, we are looking to empower enterprises through this transition. With increasing automation, leveraging ...","8,325 followers",,,,80,"As an AI-driven products and services company, ResoluteAI Software likely has expertise in AI automation use cases, making it a perfect fit for our AI services."
Cohere,https://ca.linkedin.com/company/cohere-ai,,security-first enterprise AI company,"Cohere is the leading security-first enterprise AI company. We build cutting-edge foundation models and end-to-end AI products designed to solve real-world business problems. We partner closely with companies to deliver seamless integration, full customization, and easy-to-use solutions for their workforce and customers. Our all-in-one platform offers enterprises the highest levels of data ...",,,,,40,"Possible fit due to enterprise size and AI focus, but lacks specific information on manual repetitive processes or customer service operations."
myrtle.ai,https://uk.linkedin.com/company/myrtleai,,Machine Learning Inference,Accelerating Machine Learning Inference For Lowest Latency and High Throughput | We accelerate performance critical workloads on FPGA devices that are currently being deployed at scale in global data centers. We have a particular focus on deep learning and have realized multiple deep learning networks as silicon designs which execute at low latency and ...,"1,068 followers",,,,40,"Possible fit due to the company's focus on Machine Learning Inference, but unclear if they cater to mid-size to enterprise customers with manual repetitive processes or large data volumes."
AapkaAI Software & Automation Solutions,in.linkedin.com/company/aapkaai-official,,IT Services and IT Consulting,"Empowering Small Businesses with Custom AI Solutions : Agents, Automations & More.",,,,,40,"Possible fit due to the mention of custom AI solutions, but unclear if they cater to mid-size to enterprise businesses with manual repetitive processes or large data volumes."
VKAPS IT Solutions,www.linkedin.com/company/vkaps-it-solutions,,Information Technology & Services,"We build the AI systems, SaaS products, and automations ...",,,,,60,"Likely pain points in manual repetitive processes and large data volumes, but unclear company size and specific services offered."
Creative AI,in.linkedin.com/company/creativethoughtsai,,,Turn your ideas into fully functional apps.,,,,,40,"Possible fit due to the mention of 'AI' in the company name, but lacks specific information about their business operations or services."
PraxiaTech.AI,in.linkedin.com/company/praxiatech-ai,,,"PraxiaTech is an AI -driven healthcare startup born out of Indian Institute of Technology Indore, with a vision to transform neurological care through intelligent, data-driven solutions.",,,,,39,"Poor fit due to lack of information about the company's industry and size, making it difficult to assess potential AI automation use cases."
Emorphis Technologies,www.linkedin.com/company/emorphis-technology-solutions,,,"Emorphis is your AI -First Digital Innovation Partner, helping Independent Software Vendors (ISVs), enterprises, and software-enabled businesses turn bold ideas into market-ready products.",,,,,40,"Possible fit due to mention of AI, but lacks specific information about their services and target customers."
IT SPARK TECHNOLOGY PVT. LTD.,in.linkedin.com/company/itsparktechnology,,IT Services and IT Consulting,Your Trusted Tech Partner,,,,,40,"Possible fit due to IT services and consulting background, but lacks specific information about company size and industry focus."
JS TechAlliance Consulting Private limited,in.linkedin.com/company/js-techalliance-consulting-private-limited,,,"We are a global IT solutions company specializing in AI -based telephony services , IoT applications, intelligent automation, and enterprise software solutions.",,,,,60,"Likely pain points in manual repetitive processes and large data volumes, but more information is needed to confirm."
TekIT Software Solutions Pvt. Ltd. (India & USA),in.linkedin.com/company/tekit-softwares,,,"TekIT delivers smart AI /ML solutions to solve real business challenges—enabling predictive insights, automation, and better decision-making for optimized performance.",,,,,80,"TekIT Software Solutions has a clear focus on AI/ML solutions, indicating a strong potential for AI automation use cases."
Ccube,in.linkedin.com/company/ccube-inc,,,"At Ccube, we empower businesses with integrated Data, AI , and Application Development solutions designed to accelerate digital transformation.",,,,,60,"Ccube's focus on integrated Data, AI, and Application Development solutions suggests likely pain points for mid-size to enterprise customers with manual repetitive processes or large data volumes."
ZingMind Technologies,in.linkedin.com/company/zingmind,,Information Technology & Services,"About us We aim to provide smarter and efficient software solution in the space of Enterprise application, Big data analytics, Cloud services and Data science problem.",,,,,60,"ZingMind Technologies has a good fit for AI services due to its focus on enterprise application and data science, but lacks specific information on current pain points or processes."
OpenAI,https://www.linkedin.com/company/openai,,AI,OpenAI is an AI research and deployment company dedicated to ensuring that general-purpose artificial intelligence benefits all of humanity.,,,,,0,Poor fit due to lack of industry-specific information and unclear company size.
Company.ai,https://www.linkedin.com/company/companydotai,,AI,Pioneering applied AI systems lab & product foundry.,,,,,40,"Possible fit due to the company being in the AI industry, but lacks specific information about their size and operations."
xAI,https://www.linkedin.com/company/xai/,,AI,We are a team of AI technologists and business leaders on a mission to build AI systems that can help humanity understand the world.,,,,,40,"Possible fit due to the company being in the AI industry, but lacks specific information about their operations and pain points."
H2O.ai,https://www.linkedin.com/company/h2oai/,,AI,H2O.ai converges Generative and Predictive AI to help enterprises and public sector agencies.,,,,,80,H2O.ai's focus on AI and its application in enterprises makes it a perfect fit for our AI services.
Artificial Intelligence Global Company,https://www.linkedin.com/company/aiglobalco,,AI,"Enabling Digital Transformation Across Industries | AIGC operates as a subsidiary of Algiahz holding, a renowned Saudi company.",,,,,40,"Possible fit due to the company's industry being AI, but lack of specific information about their operations and pain points."
GenAI Works,https://www.linkedin.com/company/genai-works,,AI,"GenAI Works is a global AI platform, a market-informed GTM AI company serving AI startups and enterprises worldwide.",,,,,40,"Possible fit due to being an AI company, but lacks specific information about their services and target customers."
Generalist,https://www.linkedin.com/company/generalistai,,AI,Generalist is an AI robotics company building general intelligence for the physical world and making it useful to everyone.,,,,,39,Poor fit due to unclear AI automation use cases and lack of information about their business operations.
Tenarai,https://www.linkedin.com/company/tenaraiglobal,,AI,"Turning AI potential into enterprise outcomes | In an era defined by rapid disruption, Tenarai is an enterprise AI acceleration partner for the world's most ambitious companies.",,,,,40,"Possible fit due to the company being in the AI industry, but lacks specific information about their operations and potential pain points."
Gnani AI,https://in.linkedin.com/company/gnani-ai,,AI,Gnani AI is the frontier Voice AI company the world runs on.,,,,,40,"Possible fit due to being in the AI industry, but lacks specific information about company size and services offered."
cercor.com,,cercor.com,AI Innovation,Partner with us to create impactful AI innovations!,,,,,40,"Possible fit due to the company's industry being AI Innovation, but lacks specific information about their business operations or pain points."
Krista AI,www.linkedin.com/company/krista-ai,,IT Process Automation Software,AI-led agentic platform that enables companies to automate complete business processes.,,,,,90,"Krista AI's AI-led agentic platform aligns well with our AI services, particularly custom agent development and workflow automation, for mid-size to enterprise companies with manual repetitive processes."
Scale AI,www.linkedin.com/company/scaleai,,AI Systems,Develop reliable AI systems for the world's most important decisions.,,,,,80,"As an AI systems company, Scale AI likely has a strong foundation for AI automation use cases, making it a perfect fit for our AI services."
Mercor,www.linkedin.com/company/mercor-ai/,,AI Labs,Connect people with the leading AI labs and enterprises.,"760,870 followers",,,,40,"Possible fit due to being an AI Labs company, but lack of specific information about their operations and potential pain points."
Coder,www.linkedin.com/company/coderhq,,AI Software Development,"Empower teams to build software faster, more securely, and at scale through the collaboration of AI coding.",,,,,80,"Coder's focus on AI-powered software development aligns well with our AI services, particularly custom agent development and workflow automation."
Eightgen AI Services,https://www.linkedin.com/company/eightgen,,AI Services,"We help companies design, build, and deploy AI solutions - from automating workflows to developing custom AI -powered too | AI adoption is stuck in ...",,,,,80,"Eightgen AI Services appears to be a perfect fit for our AI services, given their expertise in designing and deploying AI solutions for workflow automation and custom AI development."
AI Services,https://www.linkedin.com/company/ai-services-pl/,,AI Services,A gateway to world wide collaboration | Welcome to AI Services - Your Global Partner in Digital Transformation About Us: AI Services is a dynamic ...,,,,,40,"Possible fit due to the company name suggesting AI expertise, but lacks specific information about their services and target customers."
LTM,https://www.linkedin.com/company/ltm-larsenandtoubrocompany/,,AI -centric global technology services company,LTM — a Larsen & Toubro company — is an AI -centric global technology services company and the Business Creativity partner to the world's largest enterprises.,,,,,80,"As an AI-centric global technology services company, LTM likely has clear AI automation use cases and can benefit from our AI services."
Applied AI Consulting (AAIC),https://www.linkedin.com/company/appliedaiconsulting,,AI Consulting,"Applied AI Consulting (AAIC) | LinkedIn in.linkedin.com/company/appliedaiconsulting Applied AI Consulting (AAIC) | 7,243 followers on LinkedIn. Turn AI ideas into production-ready business outcomes in weeks | Most companies don't struggle with AI ideas.","7,243 followers",,,,60,"AAIC appears to be a good fit due to their expertise in AI consulting, but more information is needed to confirm their focus on automation and workflow optimization."
Brillio,https://www.linkedin.com/company/brillio,,Enterprise AI Accelerator,"Brillio is The Enterprise AI Accelerator helping Fortune 1000 companies move from AI ambition to scaled impact, faster.",,,,,80,Brillio's focus on Enterprise AI Acceleration suggests a clear alignment with our AI services for mid-size to enterprise companies.
ValueLabs,https://www.linkedin.com/company/valuelabs,,Agentic AI services company,"ValueLabs | 1,264,583 followers on LinkedIn. Doing the right thing. Always. | Founded in 1997, ValueLabs is a global Agentic AI services company.","1,264,583 followers",,,,40,"Possible fit due to being an Agentic AI services company, but lack of specific information on their services and customer base makes it uncertain."
Tomorrow's AI Solutions,,cercor.com,,AI Solutions for Success Ad Viewing ads is privacy protected by DuckDuckGo. Ad clicks are managed by Microsoft's ad network ( more info ). cercor.com Your success is our mission—partner with us to create impactful AI innovations! Join us in shaping the future with cutting-edge AI solutions for tomorrow.,,,,,0,"Insufficient information to determine a fit for AI services, as company size and industry are unknown."
Governed AI for Business Teams,,ebmsoftware.com,,"AI for Business Decisions Ad Viewing ads is privacy protected by DuckDuckGo. Ad clicks are managed by Microsoft's ad network ( more info ). ebmsoftware.com Discover enterprise AI built for reporting, analysis, and operational intelligence. SMITH Was Designed to Meet Enterprise Security and Governance Requirements.",,,,,39,"The company's profile does not clearly indicate manual repetitive processes, large data volumes, or customer service operations, making it a poor fit for AI services."
Konverge AI,www.linkedin.com/company/konverge-ai,,,"Konverge AI , a US-based company, is a decision-science and AI -engineering firm delivering end-to-end AI implementations that help enterprises unlock strategic value from data and AI . We combine ...",,,,,80,Konverge AI's focus on end-to-end AI implementations and decision-science engineering makes them a perfect fit for our AI services.
Sarvam,www.linkedin.com/company/sarvam-ai/,,,"Sarvam | 107,605 followers on LinkedIn. Building the full-stack for Generative AI | At Sarvam, we're on a mission to build the bedrock of Sovereign AI for India. We're working toward creating a ...",,,,,40,"Possible fit due to the mention of Generative AI, but lacks specific information about their current pain points or industry."
Rubixe,www.linkedin.com/company/rubixe,,,"Rubixe: Revolutionizing Businesses with AI Expertise"" With over 20 years in analytics and AI , Rubixe is more than just an AI solutions company. We're a team of visionaries, turning bold ideas ...",,,,,40,"Possible fit due to mention of AI expertise, but lacks specific information about their services and target customers."
Sana,www.linkedin.com/company/sana-labs/,,,"Sana is an AI lab building superintelligence for work. We believe organizations can accomplish their missions faster when humans can effortlessly access knowledge, automate repetitive work, and ...",,,,,85,Sana's focus on automating repetitive work and providing effortless access to knowledge aligns well with our AI services for mid-size to enterprise customers.
Coursera,,coursera.org,AI Career,Lead innovative work in your AI career with RAG and agentic AI skills learned from IBM.,,,,,0,"The company's profile does not indicate manual repetitive processes, large data volumes, or customer service operations, making it a poor fit for AI services."
[24]7.ai,www.linkedin.com/company/24-7-ai,,,"customer engagement solutions use conversational artificial intelligence to understand customer intent, enabling companies to create personalized, predictive, and effortless customer experiences",,,,,80,Perfect fit due to their focus on conversational AI for customer engagement solutions.
OyeLabs,in.linkedin.com/company/oyelabs,,,"software development company helping startups, entrepreneurs, and enterprises launch scalable digital products faster",,,,,40,"Possible fit due to the company's description of helping enterprises launch scalable digital products, but lacks specific information about their current pain points or processes."
Eighteen Future,in.linkedin.com/company/eighteen-future,,AI-first software engineering services,A leading provider of AI-first software engineering services,,,,,80,"Eighteen Future's AI-first software engineering services make them a perfect fit for our AI services, given their industry alignment and potential for large-scale automation projects."
Vibencode,in.linkedin.com/company/hellovibencode,,,"craft experiences that redefine industries, using generative AI to turn bold ideas into impactful software",,,,,40,"Possible fit due to mention of generative AI, but lacks specific industry, size, and pain points information."
Tomoro,www.linkedin.com/company/tomoro-ai,,,help you win in your market by unlocking the AI-native version of your business,,,,,40,"Possible fit due to mention of AI-native business, but lacks specific information about company size and industry."
